Household_ID,Year,ZONPV,ZONVERMOGEN31DEC,ELEK,ELEKTERUG,GESTINKH,BBIHJ,TYPHH31DEC,Energielabel,LIHE,LEKWI,LIHEZLEK
HH00001,2019,0,0.0,2644,0,35551,3,FAMILY,A,0,0,0
HH00001,2020,0,0.0,2194,0,29057,4,ALONE,F,0,1,0
HH00001,2021,0,0.0,2965,0,37340,4,COUPLE,B,0,0,0
HH00001,2022,0,0.0,3931,0,45309,1,ALONE,B,0,0,0
HH00001,2023,0,0.0,3608,0,20808,2,FAMILY,A,0,0,0
HH00002,2019,1,4.9,3074,1225,31689,2,FAMILY,F,0,1,0
HH00002,2020,1,5.0,4479,1250,36153,3,FAMILY,A,0,0,0
HH00002,2021,1,5.4,2937,1350,48302,2,FAMILY,D,0,0,0
HH00002,2022,1,5.9,2899,1475,30666,4,ALONE,A,0,0,0
HH00002,2023,1,6.0,3674,1500,45646,4,ALONE,B,0,0,0
HH00003,2019,1,4.7,3611,1175,23233,2,ALONE,E,0,1,0
HH00003,2020,1,4.9,3361,1225,21852,1,FAMILY,A,0,0,0
HH00003,2021,1,5.4,3309,1350,40054,4,FAMILY,B,0,0,0
HH00003,2022,1,5.6,3592,1400,54248,2,FAMILY,F,0,1,0
HH00003,2023,1,5.8,2460,1450,27241,1,FAMILY,E,0,1,0
HH00004,2019,0,0.0,3248,0,36352,1,COUPLE,B,0,0,0
HH00004,2020,0,0.0,3491,0,40101,3,COUPLE,E,0,1,0
HH00004,2021,0,0.0,3549,0,34388,2,COUPLE,G,0,1,0
HH00004,2022,0,0.0,3365,0,40804,2,ALONE,G,0,1,0
HH00004,2023,0,0.0,3934,0,24008,1,ALONE,F,0,1,0
HH00005,2019,0,0.0,3617,0,35372,1,COUPLE,C,0,0,0
HH00005,2020,0,0.0,2733,0,39273,2,COUPLE,B,0,0,0
HH00005,2021,0,0.0,1890,0,39575,2,ALONE,G,0,1,0
HH00005,2022,0,0.0,3275,0,32092,1,COUPLE,A,0,0,0
HH00005,2023,0,0.0,3651,0,33152,3,ALONE,D,0,0,0
HH00006,2019,0,0.0,2490,0,34522,1,ALONE,C,0,0,0
HH00006,2020,0,0.0,2795,0,28985,2,COUPLE,E,0,1,0
HH00006,2021,0,0.0,2894,0,30470,4,COUPLE,G,0,1,0
HH00006,2022,0,0.0,3885,0,34404,4,ALONE,F,0,1,0
HH00006,2023,0,0.0,3070,0,36687,3,COUPLE,E,0,1,0
HH00007,2019,0,0.0,3348,0,35088,3,ALONE,D,0,0,0
HH00007,2020,0,0.0,2545,0,56549,1,ALONE,E,0,1,0
HH00007,2021,0,0.0,3426,0,31671,2,COUPLE,G,0,1,0
HH00007,2022,0,0.0,2154,0,43109,2,FAMILY,E,0,1,0
HH00007,2023,0,0.0,2240,0,32787,1,COUPLE,E,0,1,0
HH00008,2019,0,0.0,2979,0,32326,4,ALONE,F,0,1,0
HH00008,2020,0,0.0,2912,0,29628,4,ALONE,A,0,0,0
HH00008,2021,0,0.0,4279,0,42854,3,FAMILY,B,0,0,0
HH00008,2022,0,0.0,3595,0,25724,4,COUPLE,A,0,0,0
HH00008,2023,0,0.0,3177,0,34735,3,ALONE,G,0,1,0
HH00009,2019,0,0.0,2953,0,40385,2,ALONE,D,0,0,0
HH00009,2020,0,0.0,2991,0,39860,4,COUPLE,D,0,0,0
HH00009,2021,1,3.3,3524,825,23217,4,FAMILY,G,0,1,0
HH00009,2022,1,3.8,3414,950,18000,4,COUPLE,B,0,0,0
HH00009,2023,1,3.9,2808,975,30423,3,COUPLE,C,0,0,0
HH00010,2019,0,0.0,2686,0,38929,4,ALONE,F,0,1,0
HH00010,2020,0,0.0,3881,0,53313,2,COUPLE,F,0,1,0
HH00010,2021,0,0.0,3231,0,37012,4,FAMILY,F,0,1,0
HH00010,2022,0,0.0,2581,0,22436,4,ALONE,E,0,1,0
HH00010,2023,0,0.0,3057,0,41522,1,FAMILY,B,0,0,0
HH00011,2019,0,0.0,3313,0,39779,3,FAMILY,F,0,1,0
HH00011,2020,0,0.0,2707,0,24248,2,ALONE,B,0,0,0
HH00011,2021,0,0.0,2604,0,38252,1,COUPLE,D,0,0,0
HH00011,2022,1,3.2,2968,800,24100,4,COUPLE,F,0,1,0
HH00011,2023,1,3.6,3611,900,48174,4,FAMILY,E,0,1,0
HH00012,2019,0,0.0,2540,0,38763,2,ALONE,F,0,1,0
HH00012,2020,0,0.0,3639,0,31083,3,COUPLE,G,0,1,0
HH00012,2021,0,0.0,3850,0,22251,3,ALONE,B,0,0,0
HH00012,2022,0,0.0,3512,0,26142,3,ALONE,G,0,1,0
HH00012,2023,0,0.0,3194,0,34524,2,COUPLE,D,0,0,0
HH00013,2019,0,0.0,3137,0,38922,1,COUPLE,A,0,0,0
HH00013,2020,0,0.0,2725,0,28224,1,ALONE,E,0,1,0
HH00013,2021,0,0.0,3307,0,23034,3,FAMILY,C,0,0,0
HH00013,2022,0,0.0,3517,0,24358,3,ALONE,F,0,1,0
HH00013,2023,0,0.0,3728,0,33410,1,COUPLE,D,0,0,0
HH00014,2019,0,0.0,3409,0,27174,3,FAMILY,D,0,0,0
HH00014,2020,0,0.0,3457,0,37110,1,ALONE,C,0,0,0
HH00014,2021,0,0.0,2608,0,36959,4,ALONE,B,0,0,0
HH00014,2022,0,0.0,3316,0,34409,3,FAMILY,E,0,1,0
HH00014,2023,1,3.5,4144,875,27593,3,FAMILY,C,0,0,0
HH00015,2019,0,0.0,2305,0,35858,2,FAMILY,E,0,1,0
HH00015,2020,0,0.0,3377,0,18000,1,COUPLE,E,1,1,1
HH00015,2021,0,0.0,2842,0,38436,1,COUPLE,C,0,0,0
HH00015,2022,0,0.0,3004,0,36504,2,ALONE,B,0,0,0
HH00015,2023,0,0.0,3881,0,39630,1,FAMILY,D,0,0,0
HH00016,2019,0,0.0,2546,0,18000,2,ALONE,G,1,1,1
HH00016,2020,0,0.0,3452,0,39926,1,ALONE,G,0,1,0
HH00016,2021,0,0.0,3142,0,39653,4,ALONE,B,0,0,0
HH00016,2022,0,0.0,3672,0,43131,1,FAMILY,B,0,0,0
HH00016,2023,0,0.0,4267,0,34814,1,FAMILY,D,0,0,0
HH00017,2019,0,0.0,2440,0,29126,4,FAMILY,A,0,0,0
HH00017,2020,0,0.0,3030,0,26477,4,COUPLE,D,0,0,0
HH00017,2021,1,1.6,3421,400,39197,4,FAMILY,D,0,0,0
HH00017,2022,1,1.6,3549,400,37799,4,FAMILY,C,0,0,0
HH00017,2023,1,1.7,2202,425,22598,2,FAMILY,G,0,1,0
HH00018,2019,0,0.0,3037,0,37196,2,ALONE,F,0,1,0
HH00018,2020,0,0.0,3781,0,33081,1,FAMILY,A,0,0,0
HH00018,2021,0,0.0,3483,0,34185,2,FAMILY,E,0,1,0
HH00018,2022,1,3.6,3256,900,38297,2,COUPLE,G,0,1,0
HH00018,2023,1,3.9,3313,975,30832,3,FAMILY,C,0,0,0
HH00019,2019,0,0.0,3419,0,32132,2,ALONE,C,0,0,0
HH00019,2020,0,0.0,2758,0,27404,2,COUPLE,B,0,0,0
HH00019,2021,1,1.8,2956,450,34660,4,COUPLE,A,0,0,0
HH00019,2022,1,2.0,2637,500,43255,3,FAMILY,F,0,1,0
HH00019,2023,1,2.1,3378,525,27456,1,COUPLE,E,0,1,0
HH00020,2019,0,0.0,3154,0,28952,1,ALONE,E,0,1,0
HH00020,2020,0,0.0,3475,0,27318,4,ALONE,G,0,1,0
HH00020,2021,0,0.0,2892,0,36062,1,FAMILY,C,0,0,0
HH00020,2022,0,0.0,3473,0,31382,1,FAMILY,E,0,1,0
HH00020,2023,0,0.0,3772,0,39862,3,FAMILY,B,0,0,0
HH00021,2019,0,0.0,3206,0,40447,4,ALONE,C,0,0,0
HH00021,2020,0,0.0,2905,0,30613,4,ALONE,E,0,1,0
HH00021,2021,1,4.7,3064,1175,28095,2,FAMILY,A,0,0,0
HH00021,2022,1,5.0,2528,1250,18000,4,FAMILY,C,0,0,0
HH00021,2023,1,5.2,2696,1300,23286,3,COUPLE,A,0,0,0
HH00022,2019,0,0.0,4106,0,36236,3,ALONE,C,0,0,0
HH00022,2020,0,0.0,3506,0,43863,1,COUPLE,B,0,0,0
HH00022,2021,0,0.0,2480,0,29932,1,ALONE,B,0,0,0
HH00022,2022,0,0.0,2964,0,34856,1,FAMILY,A,0,0,0
HH00022,2023,0,0.0,3730,0,34899,2,ALONE,F,0,1,0
HH00023,2019,0,0.0,2867,0,43880,3,COUPLE,G,0,1,0
HH00023,2020,0,0.0,3939,0,25964,2,ALONE,G,0,1,0
HH00023,2021,0,0.0,3190,0,24979,1,FAMILY,G,0,1,0
HH00023,2022,0,0.0,3995,0,36773,4,ALONE,B,0,0,0
HH00023,2023,0,0.0,3835,0,39166,1,FAMILY,D,0,0,0
HH00024,2019,0,0.0,2925,0,18000,1,FAMILY,B,0,0,0
HH00024,2020,0,0.0,3312,0,33100,1,COUPLE,E,0,1,0
HH00024,2021,0,0.0,2964,0,34737,3,FAMILY,D,0,0,0
HH00024,2022,0,0.0,2984,0,47879,1,ALONE,E,0,1,0
HH00024,2023,0,0.0,3918,0,27386,3,FAMILY,F,0,1,0
HH00025,2019,0,0.0,4294,0,26533,4,ALONE,F,0,1,0
HH00025,2020,0,0.0,2595,0,45713,4,COUPLE,D,0,0,0
HH00025,2021,0,0.0,2243,0,35899,4,FAMILY,F,0,1,0
HH00025,2022,0,0.0,2876,0,29771,3,COUPLE,D,0,0,0
HH00025,2023,0,0.0,2539,0,47651,4,FAMILY,D,0,0,0
HH00026,2019,0,0.0,2584,0,34516,4,ALONE,B,0,0,0
HH00026,2020,0,0.0,3347,0,24221,3,ALONE,A,0,0,0
HH00026,2021,0,0.0,3329,0,42860,1,COUPLE,A,0,0,0
HH00026,2022,0,0.0,2402,0,28204,4,FAMILY,E,0,1,0
HH00026,2023,0,0.0,3371,0,48292,1,ALONE,E,0,1,0
HH00027,2019,0,0.0,3958,0,35499,1,ALONE,A,0,0,0
HH00027,2020,0,0.0,2524,0,27902,1,ALONE,F,0,1,0
HH00027,2021,0,0.0,3260,0,37115,2,FAMILY,A,0,0,0
HH00027,2022,0,0.0,1460,0,30853,3,ALONE,A,0,0,0
HH00027,2023,0,0.0,3284,0,42225,1,ALONE,G,0,1,0
HH00028,2019,0,0.0,3406,0,43736,3,COUPLE,A,0,0,0
HH00028,2020,1,4.1,3944,1025,40022,3,FAMILY,B,0,0,0
HH00028,2021,1,4.6,3301,1150,33396,2,COUPLE,F,0,1,0
HH00028,2022,1,4.9,2608,1224,18000,3,COUPLE,B,0,0,0
HH00028,2023,1,5.3,2185,1325,48690,3,FAMILY,B,0,0,0
HH00029,2019,0,0.0,3690,0,35645,1,FAMILY,E,0,1,0
HH00029,2020,0,0.0,3806,0,31847,1,FAMILY,D,0,0,0
HH00029,2021,0,0.0,3392,0,32738,1,ALONE,G,0,1,0
HH00029,2022,0,0.0,3387,0,22027,3,COUPLE,G,0,1,0
HH00029,2023,0,0.0,2649,0,36901,4,COUPLE,B,0,0,0
HH00030,2019,0,0.0,3221,0,41589,4,ALONE,A,0,0,0
HH00030,2020,0,0.0,2934,0,26657,1,FAMILY,D,0,0,0
HH00030,2021,1,3.4,2127,850,37103,2,COUPLE,D,0,0,0
HH00030,2022,1,3.6,4182,900,33282,1,COUPLE,D,0,0,0
HH00030,2023,1,3.6,4182,900,31422,4,FAMILY,A,0,0,0
HH00031,2019,0,0.0,3625,0,28037,1,FAMILY,F,0,1,0
HH00031,2020,0,0.0,3211,0,35525,4,FAMILY,A,0,0,0
HH00031,2021,0,0.0,2442,0,43934,4,ALONE,D,0,0,0
HH00031,2022,0,0.0,3400,0,26723,3,FAMILY,C,0,0,0
HH00031,2023,0,0.0,2713,0,33635,2,ALONE,B,0,0,0
HH00032,2019,0,0.0,2764,0,31186,3,ALONE,B,0,0,0
HH00032,2020,0,0.0,2876,0,24347,4,FAMILY,D,0,0,0
HH00032,2021,0,0.0,3025,0,18000,2,ALONE,D,0,0,0
HH00032,2022,0,0.0,2763,0,32973,3,ALONE,C,0,0,0
HH00032,2023,0,0.0,4242,0,44127,4,COUPLE,B,0,0,0
HH00033,2019,0,0.0,2762,0,21937,2,ALONE,D,0,0,0
HH00033,2020,0,0.0,3194,0,19896,2,FAMILY,A,0,0,0
HH00033,2021,0,0.0,3019,0,31092,2,ALONE,F,0,1,0
HH00033,2022,0,0.0,3794,0,32669,2,FAMILY,G,0,1,0
HH00033,2023,0,0.0,3224,0,26352,4,ALONE,A,0,0,0
HH00034,2019,0,0.0,3598,0,34161,3,ALONE,B,0,0,0
HH00034,2020,0,0.0,2837,0,28739,3,COUPLE,D,0,0,0
HH00034,2021,0,0.0,3342,0,47264,2,COUPLE,B,0,0,0
HH00034,2022,0,0.0,2868,0,37564,2,COUPLE,A,0,0,0
HH00034,2023,0,0.0,3520,0,26481,4,ALONE,D,0,0,0
HH00035,2019,0,0.0,2437,0,39381,1,ALONE,D,0,0,0
HH00035,2020,0,0.0,3101,0,36814,3,COUPLE,G,0,1,0
HH00035,2021,0,0.0,2769,0,29923,3,COUPLE,C,0,0,0
HH00035,2022,0,0.0,3513,0,24899,4,COUPLE,F,0,1,0
HH00035,2023,0,0.0,3753,0,39173,3,FAMILY,G,0,1,0
HH00036,2019,0,0.0,3844,0,36716,3,FAMILY,F,0,1,0
HH00036,2020,0,0.0,3385,0,28168,1,FAMILY,D,0,0,0
HH00036,2021,0,0.0,3534,0,31486,4,ALONE,B,0,0,0
HH00036,2022,0,0.0,3140,0,33909,1,COUPLE,B,0,0,0
HH00036,2023,0,0.0,3458,0,36803,1,ALONE,E,0,1,0
HH00037,2019,0,0.0,3344,0,49603,4,FAMILY,E,0,1,0
HH00037,2020,0,0.0,4054,0,39599,4,ALONE,F,0,1,0
HH00037,2021,0,0.0,2861,0,18000,2,COUPLE,A,0,0,0
HH00037,2022,0,0.0,4199,0,20363,1,ALONE,E,1,1,1
HH00037,2023,0,0.0,3614,0,18000,4,COUPLE,E,1,1,1
HH00038,2019,0,0.0,2055,0,44459,3,FAMILY,B,0,0,0
HH00038,2020,0,0.0,2762,0,29797,3,ALONE,E,0,1,0
HH00038,2021,0,0.0,4052,0,32741,3,ALONE,G,0,1,0
HH00038,2022,0,0.0,2970,0,26201,1,ALONE,A,0,0,0
HH00038,2023,0,0.0,3023,0,29597,2,FAMILY,A,0,0,0
HH00039,2019,0,0.0,3026,0,39633,2,FAMILY,G,0,1,0
HH00039,2020,0,0.0,2810,0,18000,4,ALONE,D,0,0,0
HH00039,2021,0,0.0,2977,0,36018,3,ALONE,E,0,1,0
HH00039,2022,0,0.0,3865,0,48994,2,ALONE,E,0,1,0
HH00039,2023,0,0.0,2670,0,28896,2,FAMILY,A,0,0,0
HH00040,2019,0,0.0,2996,0,21382,2,FAMILY,A,0,0,0
HH00040,2020,0,0.0,3339,0,23996,2,COUPLE,F,0,1,0
HH00040,2021,0,0.0,3633,0,25507,3,FAMILY,E,0,1,0
HH00040,2022,0,0.0,4091,0,37722,4,FAMILY,C,0,0,0
HH00040,2023,1,3.8,2898,950,43414,1,COUPLE,B,0,0,0
HH00041,2019,0,0.0,3291,0,33800,2,FAMILY,F,0,1,0
HH00041,2020,0,0.0,3035,0,29237,2,COUPLE,B,0,0,0
HH00041,2021,0,0.0,3227,0,41753,4,COUPLE,D,0,0,0
HH00041,2022,0,0.0,3898,0,27476,2,ALONE,F,0,1,0
HH00041,2023,0,0.0,3626,0,18000,3,FAMILY,C,0,0,0
HH00042,2019,0,0.0,2422,0,18000,3,COUPLE,C,0,0,0
HH00042,2020,0,0.0,3070,0,20974,3,ALONE,A,0,0,0
HH00042,2021,0,0.0,2602,0,35217,1,COUPLE,E,0,1,0
HH00042,2022,0,0.0,3740,0,18240,2,FAMILY,A,0,0,0
HH00042,2023,0,0.0,3239,0,21122,1,ALONE,E,1,1,1
HH00043,2019,0,0.0,3065,0,24147,4,ALONE,E,0,1,0
HH00043,2020,0,0.0,2910,0,25715,4,COUPLE,B,0,0,0
HH00043,2021,0,0.0,2808,0,38394,3,COUPLE,A,0,0,0
HH00043,2022,0,0.0,4328,0,28411,1,ALONE,C,0,0,0
HH00043,2023,0,0.0,2843,0,33851,2,COUPLE,B,0,0,0
HH00044,2019,0,0.0,4414,0,48597,1,COUPLE,G,0,1,0
HH00044,2020,0,0.0,2611,0,34629,1,FAMILY,F,0,1,0
HH00044,2021,0,0.0,3254,0,31528,2,COUPLE,E,0,1,0
HH00044,2022,0,0.0,2644,0,47018,3,FAMILY,E,0,1,0
HH00044,2023,0,0.0,3811,0,18000,3,ALONE,F,1,1,1
HH00045,2019,0,0.0,3249,0,31957,3,FAMILY,C,0,0,0
HH00045,2020,0,0.0,4058,0,36527,3,FAMILY,A,0,0,0
HH00045,2021,0,0.0,3555,0,36554,3,ALONE,C,0,0,0
HH00045,2022,0,0.0,2353,0,25795,2,ALONE,A,0,0,0
HH00045,2023,1,1.8,3363,450,22991,4,FAMILY,E,0,1,0
HH00046,2019,0,0.0,3313,0,38983,3,ALONE,C,0,0,0
HH00046,2020,0,0.0,3857,0,18975,4,COUPLE,E,1,1,1
HH00046,2021,0,0.0,3792,0,27639,1,ALONE,F,0,1,0
HH00046,2022,0,0.0,3305,0,32226,2,COUPLE,B,0,0,0
HH00046,2023,0,0.0,3283,0,25192,3,FAMILY,F,0,1,0
HH00047,2019,0,0.0,3032,0,43768,3,COUPLE,E,0,1,0
HH00047,2020,0,0.0,3634,0,41456,1,COUPLE,C,0,0,0
HH00047,2021,0,0.0,3285,0,31528,4,ALONE,A,0,0,0
HH00047,2022,0,0.0,3348,0,37982,1,FAMILY,D,0,0,0
HH00047,2023,1,4.7,3297,1175,25173,2,COUPLE,A,0,0,0
HH00048,2019,0,0.0,3165,0,18000,4,ALONE,C,0,0,0
HH00048,2020,0,0.0,4010,0,45563,1,ALONE,F,0,1,0
HH00048,2021,0,0.0,3793,0,35057,1,COUPLE,B,0,0,0
HH00048,2022,0,0.0,2887,0,33208,4,FAMILY,D,0,0,0
HH00048,2023,0,0.0,3087,0,42660,4,FAMILY,F,0,1,0
HH00049,2019,0,0.0,3486,0,18971,2,COUPLE,E,1,1,1
HH00049,2020,0,0.0,2322,0,32008,3,ALONE,A,0,0,0
HH00049,2021,0,0.0,2912,0,33976,2,ALONE,F,0,1,0
HH00049,2022,0,0.0,3387,0,24609,2,ALONE,E,0,1,0
HH00049,2023,0,0.0,3289,0,30321,1,ALONE,G,0,1,0
HH00050,2019,0,0.0,2727,0,51423,3,COUPLE,E,0,1,0
HH00050,2020,0,0.0,3516,0,40780,2,FAMILY,B,0,0,0
HH00050,2021,1,1.9,3692,475,28244,1,COUPLE,B,0,0,0
HH00050,2022,1,2.0,3162,500,37965,3,ALONE,C,0,0,0
HH00050,2023,1,2.0,3842,500,38512,1,COUPLE,G,0,1,0
HH00051,2019,0,0.0,2973,0,38063,1,ALONE,C,0,0,0
HH00051,2020,0,0.0,3058,0,33976,2,ALONE,F,0,1,0
HH00051,2021,1,4.0,3609,1000,34070,2,ALONE,F,0,1,0
HH00051,2022,1,4.1,2790,1025,37925,4,ALONE,C,0,0,0
HH00051,2023,1,4.6,3180,1150,38452,2,FAMILY,G,0,1,0
HH00052,2019,0,0.0,3878,0,18000,3,COUPLE,E,1,1,1
HH00052,2020,1,3.6,2982,900,30526,2,FAMILY,B,0,0,0
HH00052,2021,1,4.0,1935,1000,43385,3,ALONE,G,0,1,0
HH00052,2022,1,4.0,3406,1000,18000,1,ALONE,G,1,1,1
HH00052,2023,1,4.3,3272,1075,46708,1,ALONE,D,0,0,0
HH00053,2019,0,0.0,3241,0,41523,4,ALONE,B,0,0,0
HH00053,2020,0,0.0,3187,0,28558,4,FAMILY,C,0,0,0
HH00053,2021,0,0.0,2359,0,18931,1,COUPLE,G,1,1,1
HH00053,2022,0,0.0,3195,0,31922,4,FAMILY,G,0,1,0
HH00053,2023,0,0.0,2697,0,26857,1,FAMILY,G,0,1,0
HH00054,2019,0,0.0,3077,0,25934,4,ALONE,C,0,0,0
HH00054,2020,0,0.0,3117,0,26395,4,ALONE,G,0,1,0
HH00054,2021,0,0.0,3615,0,34660,2,FAMILY,A,0,0,0
HH00054,2022,0,0.0,3283,0,36939,1,COUPLE,G,0,1,0
HH00054,2023,0,0.0,2992,0,32167,2,ALONE,G,0,1,0
HH00055,2019,0,0.0,2952,0,31655,3,COUPLE,B,0,0,0
HH00055,2020,0,0.0,4450,0,36756,1,ALONE,G,0,1,0
HH00055,2021,0,0.0,3910,0,28434,2,COUPLE,C,0,0,0
HH00055,2022,0,0.0,3156,0,40563,1,COUPLE,G,0,1,0
HH00055,2023,0,0.0,4378,0,40502,2,ALONE,B,0,0,0
HH00056,2019,0,0.0,2077,0,25973,3,ALONE,F,0,1,0
HH00056,2020,0,0.0,3342,0,35675,4,ALONE,D,0,0,0
HH00056,2021,0,0.0,2746,0,40798,4,COUPLE,C,0,0,0
HH00056,2022,0,0.0,3642,0,25394,2,ALONE,G,0,1,0
HH00056,2023,0,0.0,3653,0,33287,3,COUPLE,C,0,0,0
HH00057,2019,0,0.0,3540,0,47773,1,FAMILY,E,0,1,0
HH00057,2020,0,0.0,3750,0,33508,4,COUPLE,F,0,1,0
HH00057,2021,0,0.0,3402,0,38720,3,FAMILY,C,0,0,0
HH00057,2022,0,0.0,2735,0,37754,1,ALONE,A,0,0,0
HH00057,2023,0,0.0,3116,0,34173,3,COUPLE,B,0,0,0
HH00058,2019,0,0.0,3983,0,35744,4,FAMILY,C,0,0,0
HH00058,2020,1,2.5,3295,625,33371,1,ALONE,A,0,0,0
HH00058,2021,1,2.6,3089,650,34517,3,FAMILY,D,0,0,0
HH00058,2022,1,3.0,3469,750,33383,3,COUPLE,F,0,1,0
HH00058,2023,1,3.2,3478,800,27368,2,COUPLE,D,0,0,0
HH00059,2019,0,0.0,2976,0,34552,3,FAMILY,E,0,1,0
HH00059,2020,0,0.0,3575,0,40815,2,ALONE,D,0,0,0
HH00059,2021,0,0.0,2959,0,34022,2,FAMILY,B,0,0,0
HH00059,2022,0,0.0,2906,0,48286,3,COUPLE,A,0,0,0
HH00059,2023,0,0.0,3982,0,32473,2,FAMILY,D,0,0,0
HH00060,2019,1,2.1,3539,525,32615,3,ALONE,E,0,1,0
HH00060,2020,1,2.3,3420,575,28983,1,FAMILY,F,0,1,0
HH00060,2021,1,2.4,3431,600,37622,4,FAMILY,F,0,1,0
HH00060,2022,1,2.7,3088,675,23824,1,FAMILY,F,0,1,0
HH00060,2023,1,3.2,3028,800,45393,3,ALONE,C,0,0,0
HH00061,2019,0,0.0,3079,0,35816,1,COUPLE,A,0,0,0
HH00061,2020,0,0.0,3401,0,38518,2,FAMILY,C,0,0,0
HH00061,2021,0,0.0,3452,0,32768,2,FAMILY,C,0,0,0
HH00061,2022,0,0.0,4013,0,18000,3,FAMILY,G,1,1,1
HH00061,2023,0,0.0,3298,0,38672,2,ALONE,F,0,1,0
HH00062,2019,0,0.0,2486,0,37849,1,COUPLE,E,0,1,0
HH00062,2020,0,0.0,2829,0,32885,2,COUPLE,F,0,1,0
HH00062,2021,0,0.0,2473,0,48722,4,COUPLE,C,0,0,0
HH00062,2022,0,0.0,2973,0,18000,3,COUPLE,F,1,1,1
HH00062,2023,0,0.0,3807,0,38936,4,COUPLE,E,0,1,0
HH00063,2019,0,0.0,3187,0,28431,4,ALONE,B,0,0,0
HH00063,2020,0,0.0,3281,0,25705,3,COUPLE,F,0,1,0
HH00063,2021,0,0.0,3951,0,40018,2,COUPLE,F,0,1,0
HH00063,2022,0,0.0,3711,0,33732,2,FAMILY,B,0,0,0
HH00063,2023,1,1.8,2699,450,30751,3,FAMILY,E,0,1,0
HH00064,2019,0,0.0,3659,0,37420,2,COUPLE,D,0,0,0
HH00064,2020,0,0.0,3337,0,26611,3,FAMILY,G,0,1,0
HH00064,2021,0,0.0,4050,0,44065,3,ALONE,C,0,0,0
HH00064,2022,0,0.0,3549,0,36147,2,COUPLE,B,0,0,0
HH00064,2023,0,0.0,3459,0,43463,3,COUPLE,G,0,1,0
HH00065,2019,0,0.0,3257,0,40601,2,FAMILY,E,0,1,0
HH00065,2020,0,0.0,2910,0,32807,4,FAMILY,C,0,0,0
HH00065,2021,0,0.0,2874,0,29128,1,COUPLE,D,0,0,0
HH00065,2022,0,0.0,3023,0,18000,1,COUPLE,F,1,1,1
HH00065,2023,0,0.0,3509,0,42034,3,ALONE,E,0,1,0
HH00066,2019,0,0.0,3452,0,18000,3,COUPLE,G,1,1,1
HH00066,2020,0,0.0,3506,0,24817,1,FAMILY,B,0,0,0
HH00066,2021,0,0.0,3441,0,29640,1,FAMILY,A,0,0,0
HH00066,2022,0,0.0,3666,0,39985,4,COUPLE,E,0,1,0
HH00066,2023,0,0.0,3636,0,39144,4,FAMILY,F,0,1,0
HH00067,2019,1,4.5,2419,1125,49013,1,FAMILY,C,0,0,0
HH00067,2020,1,4.7,3954,1175,46124,4,ALONE,G,0,1,0
HH00067,2021,1,4.9,3526,1225,20388,2,ALONE,F,1,1,1
HH00067,2022,1,5.1,2863,1275,18000,1,COUPLE,B,0,0,0
HH00067,2023,1,5.5,3400,1375,27515,4,ALONE,B,0,0,0
HH00068,2019,0,0.0,2507,0,44554,2,ALONE,A,0,0,0
HH00068,2020,0,0.0,3187,0,42381,2,ALONE,D,0,0,0
HH00068,2021,0,0.0,4005,0,19833,3,FAMILY,G,1,1,1
HH00068,2022,0,0.0,2622,0,35553,3,ALONE,D,0,0,0
HH00068,2023,0,0.0,3723,0,30637,1,COUPLE,F,0,1,0
HH00069,2019,0,0.0,2966,0,35772,1,FAMILY,B,0,0,0
HH00069,2020,0,0.0,3416,0,30603,2,FAMILY,F,0,1,0
HH00069,2021,0,0.0,2152,0,35033,2,COUPLE,D,0,0,0
HH00069,2022,0,0.0,4294,0,22920,4,COUPLE,B,0,0,0
HH00069,2023,0,0.0,3025,0,30205,1,ALONE,F,0,1,0
HH00070,2019,0,0.0,3451,0,18000,1,FAMILY,A,0,0,0
HH00070,2020,0,0.0,3381,0,43389,3,ALONE,G,0,1,0
HH00070,2021,0,0.0,2941,0,33353,2,COUPLE,B,0,0,0
HH00070,2022,0,0.0,3563,0,33415,1,ALONE,G,0,1,0
HH00070,2023,0,0.0,2888,0,28706,3,FAMILY,E,0,1,0
HH00071,2019,0,0.0,2905,0,33074,2,COUPLE,A,0,0,0
HH00071,2020,0,0.0,4185,0,31294,2,FAMILY,B,0,0,0
HH00071,2021,0,0.0,3658,0,35771,3,ALONE,D,0,0,0
HH00071,2022,0,0.0,2139,0,35343,2,ALONE,G,0,1,0
HH00071,2023,0,0.0,2730,0,38154,3,COUPLE,F,0,1,0
HH00072,2019,0,0.0,3499,0,26519,1,FAMILY,E,0,1,0
HH00072,2020,0,0.0,3104,0,34739,2,FAMILY,C,0,0,0
HH00072,2021,0,0.0,3174,0,34572,2,COUPLE,E,0,1,0
HH00072,2022,0,0.0,3681,0,35460,4,FAMILY,E,0,1,0
HH00072,2023,0,0.0,3299,0,30923,4,COUPLE,G,0,1,0
HH00073,2019,0,0.0,3519,0,23855,1,FAMILY,D,0,0,0
HH00073,2020,0,0.0,2274,0,40547,2,ALONE,F,0,1,0
HH00073,2021,0,0.0,3702,0,30980,1,COUPLE,D,0,0,0
HH00073,2022,0,0.0,2897,0,30386,2,COUPLE,G,0,1,0
HH00073,2023,0,0.0,3794,0,23179,2,ALONE,G,0,1,0
HH00074,2019,0,0.0,3017,0,39023,1,FAMILY,C,0,0,0
HH00074,2020,0,0.0,3260,0,24770,1,FAMILY,D,0,0,0
HH00074,2021,0,0.0,3869,0,45690,3,FAMILY,B,0,0,0
HH00074,2022,0,0.0,2704,0,18000,1,COUPLE,D,0,0,0
HH00074,2023,0,0.0,3048,0,32722,3,ALONE,F,0,1,0
HH00075,2019,0,0.0,3744,0,45271,2,COUPLE,B,0,0,0
HH00075,2020,0,0.0,3511,0,33467,2,COUPLE,C,0,0,0
HH00075,2021,0,0.0,2505,0,19836,1,COUPLE,E,1,1,1
HH00075,2022,0,0.0,1991,0,28735,3,ALONE,B,0,0,0
HH00075,2023,0,0.0,3073,0,36136,3,ALONE,B,0,0,0
HH00076,2019,0,0.0,3151,0,21723,3,COUPLE,F,1,1,1
HH00076,2020,0,0.0,2353,0,32213,4,ALONE,F,0,1,0
HH00076,2021,0,0.0,3228,0,39157,4,ALONE,A,0,0,0
HH00076,2022,0,0.0,3957,0,39184,1,COUPLE,D,0,0,0
HH00076,2023,0,0.0,3245,0,43515,3,COUPLE,E,0,1,0
HH00077,2019,0,0.0,3252,0,22327,3,COUPLE,D,0,0,0
HH00077,2020,0,0.0,2916,0,37226,4,ALONE,B,0,0,0
HH00077,2021,0,0.0,3898,0,32398,1,COUPLE,D,0,0,0
HH00077,2022,0,0.0,2699,0,33547,1,FAMILY,F,0,1,0
HH00077,2023,0,0.0,3224,0,33324,1,ALONE,G,0,1,0
HH00078,2019,0,0.0,2670,0,36820,1,FAMILY,D,0,0,0
HH00078,2020,0,0.0,3062,0,39011,2,COUPLE,A,0,0,0
HH00078,2021,0,0.0,3734,0,25696,4,COUPLE,C,0,0,0
HH00078,2022,0,0.0,2863,0,35231,4,COUPLE,G,0,1,0
HH00078,2023,0,0.0,2628,0,30997,1,COUPLE,E,0,1,0
HH00079,2019,0,0.0,3022,0,36628,1,FAMILY,F,0,1,0
HH00079,2020,0,0.0,2668,0,27079,3,FAMILY,G,0,1,0
HH00079,2021,0,0.0,2921,0,22041,1,FAMILY,B,0,0,0
HH00079,2022,0,0.0,2982,0,27472,3,COUPLE,B,0,0,0
HH00079,2023,0,0.0,2482,0,18000,3,COUPLE,D,0,0,0
HH00080,2019,0,0.0,3394,0,42632,2,COUPLE,A,0,0,0
HH00080,2020,0,0.0,3010,0,31371,4,COUPLE,C,0,0,0
HH00080,2021,0,0.0,2384,0,45647,1,FAMILY,F,0,1,0
HH00080,2022,0,0.0,2906,0,31419,1,COUPLE,F,0,1,0
HH00080,2023,0,0.0,2939,0,34643,4,ALONE,G,0,1,0
HH00081,2019,0,0.0,3365,0,39668,2,COUPLE,B,0,0,0
HH00081,2020,0,0.0,2521,0,31487,2,FAMILY,E,0,1,0
HH00081,2021,0,0.0,3547,0,48572,2,ALONE,D,0,0,0
HH00081,2022,0,0.0,3634,0,18631,2,FAMILY,E,1,1,1
HH00081,2023,0,0.0,3469,0,25634,1,FAMILY,A,0,0,0
HH00082,2019,0,0.0,2421,0,18424,3,ALONE,F,1,1,1
HH00082,2020,0,0.0,3857,0,23283,4,COUPLE,B,0,0,0
HH00082,2021,0,0.0,2743,0,30742,3,COUPLE,B,0,0,0
HH00082,2022,0,0.0,3806,0,34133,1,ALONE,C,0,0,0
HH00082,2023,0,0.0,3606,0,27509,4,COUPLE,C,0,0,0
HH00083,2019,0,0.0,3451,0,37659,2,ALONE,D,0,0,0
HH00083,2020,0,0.0,3054,0,29737,1,COUPLE,C,0,0,0
HH00083,2021,0,0.0,2281,0,37063,4,COUPLE,C,0,0,0
HH00083,2022,0,0.0,3424,0,28755,3,COUPLE,C,0,0,0
HH00083,2023,0,0.0,3007,0,36711,3,ALONE,D,0,0,0
HH00084,2019,0,0.0,4295,0,38445,2,ALONE,F,0,1,0
HH00084,2020,0,0.0,3333,0,35573,4,FAMILY,A,0,0,0
HH00084,2021,0,0.0,2926,0,40848,3,COUPLE,B,0,0,0
HH00084,2022,0,0.0,2681,0,43504,4,FAMILY,A,0,0,0
HH00084,2023,0,0.0,3261,0,38675,1,FAMILY,A,0,0,0
HH00085,2019,0,0.0,3187,0,39542,2,ALONE,B,0,0,0
HH00085,2020,0,0.0,2941,0,40454,3,ALONE,G,0,1,0
HH00085,2021,0,0.0,3014,0,25061,4,ALONE,E,0,1,0
HH00085,2022,0,0.0,2409,0,33288,1,ALONE,B,0,0,0
HH00085,2023,0,0.0,3164,0,36892,1,ALONE,D,0,0,0
HH00086,2019,0,0.0,3013,0,38060,3,FAMILY,A,0,0,0
HH00086,2020,0,0.0,3470,0,22740,4,FAMILY,B,0,0,0
HH00086,2021,0,0.0,3771,0,18000,2,COUPLE,F,1,1,1
HH00086,2022,0,0.0,3274,0,30303,1,COUPLE,G,0,1,0
HH00086,2023,0,0.0,2845,0,39835,3,COUPLE,B,0,0,0
HH00087,2019,0,0.0,3207,0,27170,3,FAMILY,E,0,1,0
HH00087,2020,0,0.0,2833,0,27386,1,FAMILY,F,0,1,0
HH00087,2021,0,0.0,1923,0,40474,3,ALONE,G,0,1,0
HH00087,2022,0,0.0,4057,0,24524,3,ALONE,C,0,0,0
HH00087,2023,0,0.0,3803,0,30466,1,ALONE,E,0,1,0
HH00088,2019,0,0.0,3083,0,24628,2,ALONE,C,0,0,0
HH00088,2020,0,0.0,2926,0,36134,3,FAMILY,F,0,1,0
HH00088,2021,0,0.0,3667,0,29049,1,COUPLE,D,0,0,0
HH00088,2022,0,0.0,2702,0,32752,4,FAMILY,B,0,0,0
HH00088,2023,0,0.0,2328,0,32960,1,ALONE,E,0,1,0
HH00089,2019,0,0.0,2978,0,25921,4,FAMILY,G,0,1,0
HH00089,2020,0,0.0,3421,0,42647,1,FAMILY,B,0,0,0
HH00089,2021,0,0.0,3342,0,34656,1,ALONE,F,0,1,0
HH00089,2022,0,0.0,3432,0,34333,2,COUPLE,G,0,1,0
HH00089,2023,0,0.0,3538,0,29096,2,FAMILY,E,0,1,0
HH00090,2019,0,0.0,3494,0,37069,3,ALONE,G,0,1,0
HH00090,2020,0,0.0,3338,0,39395,3,FAMILY,G,0,1,0
HH00090,2021,0,0.0,3705,0,31955,1,ALONE,C,0,0,0
HH00090,2022,0,0.0,4206,0,34092,1,FAMILY,D,0,0,0
HH00090,2023,1,4.1,3746,1025,37602,3,FAMILY,C,0,0,0
HH00091,2019,1,4.8,2798,1200,43390,2,ALONE,E,0,1,0
HH00091,2020,1,5.3,2894,1325,42556,2,FAMILY,C,0,0,0
HH00091,2021,1,5.3,3792,1325,38751,4,ALONE,G,0,1,0
HH00091,2022,1,5.5,3214,1375,26216,1,COUPLE,G,0,1,0
HH00091,2023,1,5.6,3503,1400,43489,2,COUPLE,A,0,0,0
HH00092,2019,0,0.0,3094,0,32060,1,COUPLE,C,0,0,0
HH00092,2020,0,0.0,2878,0,40422,4,FAMILY,G,0,1,0
HH00092,2021,0,0.0,3615,0,32778,4,COUPLE,F,0,1,0
HH00092,2022,0,0.0,2773,0,35873,3,ALONE,D,0,0,0
HH00092,2023,0,0.0,2785,0,34613,4,ALONE,F,0,1,0
HH00093,2019,0,0.0,4228,0,24174,2,FAMILY,F,0,1,0
HH00093,2020,0,0.0,3305,0,37099,3,COUPLE,E,0,1,0
HH00093,2021,0,0.0,2529,0,40304,4,FAMILY,G,0,1,0
HH00093,2022,0,0.0,3025,0,37395,3,COUPLE,D,0,0,0
HH00093,2023,0,0.0,3075,0,45858,4,COUPLE,G,0,1,0
HH00094,2019,0,0.0,2553,0,34873,4,FAMILY,E,0,1,0
HH00094,2020,0,0.0,3363,0,33242,2,COUPLE,C,0,0,0
HH00094,2021,0,0.0,2929,0,35512,1,ALONE,G,0,1,0
HH00094,2022,0,0.0,2935,0,37690,3,ALONE,C,0,0,0
HH00094,2023,0,0.0,2713,0,18819,1,COUPLE,B,0,0,0
HH00095,2019,0,0.0,2250,0,33627,3,COUPLE,E,0,1,0
HH00095,2020,0,0.0,3281,0,26149,1,FAMILY,F,0,1,0
HH00095,2021,0,0.0,3130,0,23205,4,COUPLE,C,0,0,0
HH00095,2022,0,0.0,3469,0,35733,4,ALONE,D,0,0,0
HH00095,2023,0,0.0,3843,0,29617,3,COUPLE,B,0,0,0
HH00096,2019,0,0.0,3579,0,37671,3,COUPLE,B,0,0,0
HH00096,2020,0,0.0,3798,0,28121,4,COUPLE,G,0,1,0
HH00096,2021,0,0.0,3315,0,34891,4,COUPLE,C,0,0,0
HH00096,2022,0,0.0,2475,0,24149,3,COUPLE,E,0,1,0
HH00096,2023,0,0.0,3315,0,18000,2,FAMILY,C,0,0,0
HH00097,2019,0,0.0,4063,0,29802,4,FAMILY,A,0,0,0
HH00097,2020,0,0.0,3396,0,25999,2,FAMILY,B,0,0,0
HH00097,2021,0,0.0,3783,0,28416,4,ALONE,B,0,0,0
HH00097,2022,0,0.0,3214,0,41602,3,FAMILY,D,0,0,0
HH00097,2023,0,0.0,3971,0,49048,4,COUPLE,E,0,1,0
HH00098,2019,0,0.0,4456,0,30289,3,ALONE,F,0,1,0
HH00098,2020,0,0.0,3196,0,43499,2,COUPLE,F,0,1,0
HH00098,2021,0,0.0,3733,0,39786,2,FAMILY,D,0,0,0
HH00098,2022,0,0.0,3244,0,44820,4,COUPLE,G,0,1,0
HH00098,2023,0,0.0,3380,0,28367,1,ALONE,A,0,0,0
HH00099,2019,0,0.0,3440,0,22076,3,COUPLE,B,0,0,0
HH00099,2020,0,0.0,2746,0,41453,1,COUPLE,F,0,1,0
HH00099,2021,0,0.0,3810,0,37656,3,ALONE,C,0,0,0
HH00099,2022,0,0.0,3351,0,21986,2,FAMILY,E,1,1,1
HH00099,2023,0,0.0,2936,0,39171,1,COUPLE,D,0,0,0
HH00100,2019,0,0.0,2994,0,37229,1,FAMILY,E,0,1,0
HH00100,2020,0,0.0,3456,0,28738,2,COUPLE,D,0,0,0
HH00100,2021,0,0.0,3654,0,44424,2,FAMILY,E,0,1,0
HH00100,2022,0,0.0,1764,0,31712,1,COUPLE,C,0,0,0
HH00100,2023,1,1.7,2967,425,30231,1,FAMILY,D,0,0,0
HH00101,2019,0,0.0,3376,0,33972,2,COUPLE,C,0,0,0
HH00101,2020,0,0.0,2722,0,25371,2,COUPLE,B,0,0,0
HH00101,2021,0,0.0,3656,0,26574,2,ALONE,F,0,1,0
HH00101,2022,0,0.0,2841,0,29125,4,ALONE,C,0,0,0
HH00101,2023,1,1.7,1987,425,40072,3,ALONE,F,0,1,0
HH00102,2019,0,0.0,3593,0,25870,3,FAMILY,G,0,1,0
HH00102,2020,0,0.0,3551,0,33773,2,FAMILY,B,0,0,0
HH00102,2021,0,0.0,3471,0,43034,1,ALONE,B,0,0,0
HH00102,2022,0,0.0,3597,0,22965,2,FAMILY,D,0,0,0
HH00102,2023,0,0.0,2565,0,24412,1,COUPLE,F,0,1,0
HH00103,2019,0,0.0,2795,0,30477,2,FAMILY,G,0,1,0
HH00103,2020,0,0.0,2788,0,31686,2,FAMILY,E,0,1,0
HH00103,2021,0,0.0,2692,0,33493,2,COUPLE,A,0,0,0
HH00103,2022,0,0.0,3919,0,34678,1,ALONE,C,0,0,0
HH00103,2023,0,0.0,3158,0,26367,1,ALONE,C,0,0,0
HH00104,2019,0,0.0,3402,0,25927,1,ALONE,C,0,0,0
HH00104,2020,0,0.0,2018,0,24922,1,ALONE,F,0,1,0
HH00104,2021,0,0.0,3672,0,27486,2,FAMILY,B,0,0,0
HH00104,2022,0,0.0,2876,0,32528,3,COUPLE,A,0,0,0
HH00104,2023,0,0.0,3621,0,30098,2,ALONE,E,0,1,0
HH00105,2019,0,0.0,3261,0,45997,4,COUPLE,F,0,1,0
HH00105,2020,0,0.0,2712,0,36675,2,ALONE,F,0,1,0
HH00105,2021,0,0.0,3358,0,32744,2,COUPLE,A,0,0,0
HH00105,2022,0,0.0,2756,0,33918,3,ALONE,E,0,1,0
HH00105,2023,0,0.0,3109,0,58544,2,COUPLE,D,0,0,0
HH00106,2019,0,0.0,2097,0,24700,3,COUPLE,D,0,0,0
HH00106,2020,0,0.0,2284,0,34605,4,COUPLE,B,0,0,0
HH00106,2021,0,0.0,2728,0,24008,1,ALONE,C,0,0,0
HH00106,2022,0,0.0,3233,0,39822,2,COUPLE,A,0,0,0
HH00106,2023,0,0.0,2585,0,34701,4,ALONE,D,0,0,0
HH00107,2019,0,0.0,3067,0,36867,4,COUPLE,A,0,0,0
HH00107,2020,0,0.0,2986,0,33717,4,FAMILY,F,0,1,0
HH00107,2021,0,0.0,2722,0,36388,4,FAMILY,A,0,0,0
HH00107,2022,0,0.0,3370,0,28660,3,ALONE,B,0,0,0
HH00107,2023,0,0.0,3332,0,32639,1,FAMILY,C,0,0,0
HH00108,2019,0,0.0,3394,0,26821,3,ALONE,B,0,0,0
HH00108,2020,0,0.0,3489,0,35606,2,ALONE,E,0,1,0
HH00108,2021,0,0.0,3441,0,31116,2,COUPLE,E,0,1,0
HH00108,2022,0,0.0,3048,0,18000,3,FAMILY,G,1,1,1
HH00108,2023,0,0.0,2645,0,26281,2,FAMILY,B,0,0,0
HH00109,2019,0,0.0,2700,0,28961,1,FAMILY,D,0,0,0
HH00109,2020,0,0.0,3321,0,29327,3,COUPLE,D,0,0,0
HH00109,2021,0,0.0,2868,0,18000,2,COUPLE,G,1,1,1
HH00109,2022,0,0.0,4171,0,20016,1,FAMILY,D,0,0,0
HH00109,2023,0,0.0,3401,0,32806,3,COUPLE,E,0,1,0
HH00110,2019,1,4.1,3041,1025,27596,4,FAMILY,A,0,0,0
HH00110,2020,1,4.1,3341,1025,30928,4,FAMILY,F,0,1,0
HH00110,2021,1,4.6,3633,1150,29975,3,ALONE,G,0,1,0
HH00110,2022,1,4.8,3714,1200,22466,2,ALONE,F,0,1,0
HH00110,2023,1,5.3,3541,1325,28246,4,ALONE,C,0,0,0
HH00111,2019,0,0.0,3404,0,31069,3,FAMILY,A,0,0,0
HH00111,2020,1,2.1,2419,525,21575,2,ALONE,B,0,0,0
HH00111,2021,1,2.5,2113,625,39779,2,ALONE,E,0,1,0
HH00111,2022,1,2.9,3011,725,32868,4,ALONE,B,0,0,0
HH00111,2023,1,3.3,3089,825,36373,4,ALONE,D,0,0,0
HH00112,2019,0,0.0,3621,0,36961,1,COUPLE,F,0,1,0
HH00112,2020,0,0.0,2732,0,41687,3,FAMILY,D,0,0,0
HH00112,2021,0,0.0,2811,0,49730,4,COUPLE,A,0,0,0
HH00112,2022,0,0.0,2744,0,33734,2,ALONE,C,0,0,0
HH00112,2023,1,3.5,3614,875,28577,1,FAMILY,C,0,0,0
HH00113,2019,0,0.0,3725,0,26088,4,FAMILY,G,0,1,0
HH00113,2020,0,0.0,2600,0,22814,4,COUPLE,A,0,0,0
HH00113,2021,0,0.0,3147,0,31649,1,FAMILY,B,0,0,0
HH00113,2022,0,0.0,2386,0,29033,2,COUPLE,G,0,1,0
HH00113,2023,0,0.0,2833,0,33288,4,FAMILY,E,0,1,0
HH00114,2019,0,0.0,4060,0,32325,1,FAMILY,G,0,1,0
HH00114,2020,0,0.0,3687,0,37008,4,ALONE,D,0,0,0
HH00114,2021,0,0.0,2639,0,32120,3,ALONE,E,0,1,0
HH00114,2022,0,0.0,4252,0,24095,3,ALONE,F,0,1,0
HH00114,2023,0,0.0,3489,0,42597,3,ALONE,C,0,0,0
HH00115,2019,0,0.0,3076,0,26254,1,ALONE,A,0,0,0
HH00115,2020,0,0.0,2752,0,25552,3,ALONE,B,0,0,0
HH00115,2021,0,0.0,4345,0,33856,2,COUPLE,E,0,1,0
HH00115,2022,0,0.0,3603,0,34648,3,FAMILY,G,0,1,0
HH00115,2023,0,0.0,2496,0,32335,3,FAMILY,C,0,0,0
HH00116,2019,0,0.0,4442,0,27376,1,COUPLE,A,0,0,0
HH00116,2020,1,1.5,3045,375,26982,1,COUPLE,F,0,1,0
HH00116,2021,1,1.7,2953,425,22256,2,COUPLE,F,0,1,0
HH00116,2022,1,2.2,2810,550,31445,1,COUPLE,C,0,0,0
HH00116,2023,1,2.6,3719,650,33690,3,FAMILY,E,0,1,0
HH00117,2019,0,0.0,4150,0,32514,3,COUPLE,D,0,0,0
HH00117,2020,0,0.0,3940,0,27325,4,ALONE,E,0,1,0
HH00117,2021,0,0.0,3586,0,45250,4,ALONE,D,0,0,0
HH00117,2022,0,0.0,3543,0,36357,2,FAMILY,C,0,0,0
HH00117,2023,0,0.0,4006,0,40174,2,FAMILY,C,0,0,0
HH00118,2019,0,0.0,3493,0,41684,1,ALONE,A,0,0,0
HH00118,2020,0,0.0,3960,0,29072,1,ALONE,F,0,1,0
HH00118,2021,0,0.0,3767,0,26500,2,FAMILY,E,0,1,0
HH00118,2022,0,0.0,2654,0,44287,3,ALONE,G,0,1,0
HH00118,2023,0,0.0,2629,0,33054,1,FAMILY,G,0,1,0
HH00119,2019,0,0.0,3390,0,38092,3,COUPLE,E,0,1,0
HH00119,2020,0,0.0,3841,0,33934,2,ALONE,G,0,1,0
HH00119,2021,0,0.0,3183,0,31335,3,ALONE,D,0,0,0
HH00119,2022,0,0.0,3106,0,26850,1,FAMILY,F,0,1,0
HH00119,2023,0,0.0,2220,0,38861,3,COUPLE,C,0,0,0
HH00120,2019,0,0.0,3115,0,27818,3,ALONE,E,0,1,0
HH00120,2020,0,0.0,2603,0,40353,1,COUPLE,F,0,1,0
HH00120,2021,0,0.0,2495,0,36719,4,COUPLE,A,0,0,0
HH00120,2022,0,0.0,2290,0,27454,4,COUPLE,C,0,0,0
HH00120,2023,1,2.8,3160,700,30235,4,COUPLE,C,0,0,0
HH00121,2019,0,0.0,3073,0,23284,4,COUPLE,F,0,1,0
HH00121,2020,1,4.2,3122,1050,36444,2,ALONE,G,0,1,0
HH00121,2021,1,4.5,2493,1125,42706,3,ALONE,C,0,0,0
HH00121,2022,1,4.9,2767,1225,34666,4,COUPLE,F,0,1,0
HH00121,2023,1,5.2,2582,1300,28260,4,COUPLE,C,0,0,0
HH00122,2019,0,0.0,3213,0,36345,1,FAMILY,D,0,0,0
HH00122,2020,0,0.0,2650,0,30105,2,FAMILY,A,0,0,0
HH00122,2021,0,0.0,3179,0,23570,2,COUPLE,A,0,0,0
HH00122,2022,0,0.0,3548,0,30329,4,COUPLE,C,0,0,0
HH00122,2023,0,0.0,2768,0,33759,3,COUPLE,A,0,0,0
HH00123,2019,0,0.0,2430,0,21109,4,COUPLE,G,1,1,1
HH00123,2020,0,0.0,3190,0,36177,1,FAMILY,G,0,1,0
HH00123,2021,0,0.0,3519,0,37006,3,ALONE,F,0,1,0
HH00123,2022,0,0.0,3471,0,39790,2,FAMILY,D,0,0,0
HH00123,2023,0,0.0,2569,0,26079,4,COUPLE,A,0,0,0
HH00124,2019,0,0.0,2579,0,34330,3,ALONE,E,0,1,0
HH00124,2020,0,0.0,4237,0,25644,3,COUPLE,E,0,1,0
HH00124,2021,0,0.0,3555,0,39840,2,COUPLE,F,0,1,0
HH00124,2022,0,0.0,4180,0,42018,1,COUPLE,G,0,1,0
HH00124,2023,0,0.0,3242,0,32322,1,ALONE,B,0,0,0
HH00125,2019,0,0.0,3326,0,36741,1,COUPLE,E,0,1,0
HH00125,2020,0,0.0,2860,0,33605,4,ALONE,C,0,0,0
HH00125,2021,0,0.0,3137,0,23619,4,COUPLE,F,0,1,0
HH00125,2022,0,0.0,3173,0,46132,3,COUPLE,A,0,0,0
HH00125,2023,0,0.0,2747,0,27769,4,ALONE,F,0,1,0
HH00126,2019,0,0.0,3571,0,34499,3,FAMILY,G,0,1,0
HH00126,2020,0,0.0,3796,0,30304,3,ALONE,F,0,1,0
HH00126,2021,0,0.0,3146,0,44123,3,ALONE,C,0,0,0
HH00126,2022,0,0.0,3102,0,42070,1,FAMILY,A,0,0,0
HH00126,2023,0,0.0,2808,0,24362,3,FAMILY,D,0,0,0
HH00127,2019,0,0.0,4366,0,34538,3,ALONE,B,0,0,0
HH00127,2020,0,0.0,4319,0,36680,1,ALONE,D,0,0,0
HH00127,2021,0,0.0,2886,0,39899,4,ALONE,F,0,1,0
HH00127,2022,0,0.0,3138,0,30148,1,ALONE,D,0,0,0
HH00127,2023,0,0.0,3410,0,28249,1,FAMILY,C,0,0,0
HH00128,2019,0,0.0,3290,0,34161,3,FAMILY,F,0,1,0
HH00128,2020,0,0.0,3186,0,25945,2,COUPLE,D,0,0,0
HH00128,2021,0,0.0,3435,0,18153,2,COUPLE,D,0,0,0
HH00128,2022,0,0.0,3215,0,37868,4,ALONE,D,0,0,0
HH00128,2023,0,0.0,3131,0,20057,2,FAMILY,B,0,0,0
HH00129,2019,0,0.0,2396,0,26898,4,COUPLE,B,0,0,0
HH00129,2020,0,0.0,2403,0,26939,4,FAMILY,E,0,1,0
HH00129,2021,0,0.0,3060,0,38066,1,FAMILY,B,0,0,0
HH00129,2022,0,0.0,2461,0,35062,1,ALONE,C,0,0,0
HH00129,2023,0,0.0,3880,0,22529,2,COUPLE,C,0,0,0
HH00130,2019,0,0.0,3538,0,36248,2,FAMILY,C,0,0,0
HH00130,2020,0,0.0,2875,0,34512,4,ALONE,C,0,0,0
HH00130,2021,0,0.0,2417,0,31262,1,FAMILY,C,0,0,0
HH00130,2022,0,0.0,3730,0,55077,1,FAMILY,E,0,1,0
HH00130,2023,0,0.0,2852,0,45456,3,FAMILY,D,0,0,0
HH00131,2019,0,0.0,3367,0,25420,3,ALONE,D,0,0,0
HH00131,2020,0,0.0,2764,0,31290,1,FAMILY,D,0,0,0
HH00131,2021,0,0.0,3036,0,34241,2,COUPLE,C,0,0,0
HH00131,2022,0,0.0,3439,0,31608,4,FAMILY,G,0,1,0
HH00131,2023,0,0.0,3063,0,26779,3,FAMILY,D,0,0,0
HH00132,2019,0,0.0,3303,0,41479,2,COUPLE,C,0,0,0
HH00132,2020,0,0.0,3625,0,31901,4,ALONE,F,0,1,0
HH00132,2021,0,0.0,2825,0,35733,3,ALONE,E,0,1,0
HH00132,2022,0,0.0,3984,0,22375,4,COUPLE,B,0,0,0
HH00132,2023,0,0.0,2992,0,28131,3,COUPLE,A,0,0,0
HH00133,2019,0,0.0,3244,0,34578,2,COUPLE,F,0,1,0
HH00133,2020,0,0.0,4320,0,29717,1,COUPLE,F,0,1,0
HH00133,2021,1,2.8,3200,700,37809,1,COUPLE,D,0,0,0
HH00133,2022,1,3.0,3344,750,26329,3,FAMILY,G,0,1,0
HH00133,2023,1,3.2,3817,800,30439,3,FAMILY,B,0,0,0
HH00134,2019,0,0.0,3666,0,30397,2,COUPLE,A,0,0,0
HH00134,2020,0,0.0,3535,0,24425,1,ALONE,E,0,1,0
HH00134,2021,1,2.9,3269,725,30280,2,FAMILY,C,0,0,0
HH00134,2022,1,3.0,3035,750,37825,3,ALONE,G,0,1,0
HH00134,2023,1,3.3,3457,825,37717,1,COUPLE,A,0,0,0
HH00135,2019,0,0.0,2437,0,23929,2,FAMILY,D,0,0,0
HH00135,2020,0,0.0,2770,0,42562,4,ALONE,F,0,1,0
HH00135,2021,0,0.0,3190,0,30896,4,ALONE,D,0,0,0
HH00135,2022,1,2.9,3065,725,45521,4,FAMILY,B,0,0,0
HH00135,2023,1,3.3,3419,825,33156,3,ALONE,D,0,0,0
HH00136,2019,0,0.0,3104,0,27467,1,COUPLE,C,0,0,0
HH00136,2020,0,0.0,3690,0,27062,2,FAMILY,F,0,1,0
HH00136,2021,0,0.0,3677,0,48352,4,COUPLE,F,0,1,0
HH00136,2022,0,0.0,3282,0,33407,3,ALONE,G,0,1,0
HH00136,2023,0,0.0,3830,0,34437,3,COUPLE,G,0,1,0
HH00137,2019,0,0.0,2063,0,25509,4,FAMILY,G,0,1,0
HH00137,2020,0,0.0,3356,0,34199,2,FAMILY,D,0,0,0
HH00137,2021,0,0.0,3112,0,46291,2,COUPLE,F,0,1,0
HH00137,2022,0,0.0,4263,0,36463,3,FAMILY,G,0,1,0
HH00137,2023,0,0.0,3097,0,27799,3,COUPLE,G,0,1,0
HH00138,2019,0,0.0,3616,0,35014,1,FAMILY,A,0,0,0
HH00138,2020,0,0.0,2644,0,34972,1,FAMILY,A,0,0,0
HH00138,2021,0,0.0,3761,0,37140,3,ALONE,F,0,1,0
HH00138,2022,0,0.0,3068,0,18314,3,FAMILY,C,0,0,0
HH00138,2023,0,0.0,3757,0,41911,2,ALONE,F,0,1,0
HH00139,2019,1,3.7,2655,925,31753,2,ALONE,D,0,0,0
HH00139,2020,1,3.9,2850,975,43017,2,ALONE,G,0,1,0
HH00139,2021,1,4.2,3104,1050,30140,2,FAMILY,F,0,1,0
HH00139,2022,1,4.6,2546,1150,34533,3,ALONE,D,0,0,0
HH00139,2023,1,4.6,3099,1150,23142,4,ALONE,F,0,1,0
HH00140,2019,0,0.0,2780,0,36222,3,COUPLE,A,0,0,0
HH00140,2020,0,0.0,2985,0,37708,2,ALONE,C,0,0,0
HH00140,2021,0,0.0,3185,0,51226,4,ALONE,C,0,0,0
HH00140,2022,0,0.0,3223,0,35654,3,COUPLE,C,0,0,0
HH00140,2023,0,0.0,2788,0,43535,1,COUPLE,B,0,0,0
HH00141,2019,0,0.0,3412,0,33153,3,ALONE,E,0,1,0
HH00141,2020,0,0.0,3403,0,37230,4,COUPLE,E,0,1,0
HH00141,2021,0,0.0,3896,0,42402,3,FAMILY,G,0,1,0
HH00141,2022,0,0.0,3481,0,36338,4,ALONE,B,0,0,0
HH00141,2023,1,1.5,3509,375,31340,2,ALONE,A,0,0,0
HH00142,2019,0,0.0,3230,0,22413,4,FAMILY,G,0,1,0
HH00142,2020,0,0.0,2981,0,32470,3,COUPLE,E,0,1,0
HH00142,2021,0,0.0,3196,0,37920,1,FAMILY,B,0,0,0
HH00142,2022,0,0.0,2527,0,20173,1,COUPLE,E,1,1,1
HH00142,2023,1,1.7,2347,425,29619,1,ALONE,B,0,0,0
HH00143,2019,0,0.0,3403,0,20363,3,COUPLE,F,1,1,1
HH00143,2020,0,0.0,2798,0,38968,1,COUPLE,D,0,0,0
HH00143,2021,0,0.0,2996,0,38490,1,COUPLE,F,0,1,0
HH00143,2022,0,0.0,3445,0,46616,1,ALONE,G,0,1,0
HH00143,2023,0,0.0,2797,0,40663,4,COUPLE,C,0,0,0
HH00144,2019,0,0.0,3910,0,28722,3,FAMILY,E,0,1,0
HH00144,2020,0,0.0,2474,0,32903,1,ALONE,A,0,0,0
HH00144,2021,0,0.0,3573,0,19999,2,COUPLE,C,0,0,0
HH00144,2022,0,0.0,3205,0,38677,3,FAMILY,C,0,0,0
HH00144,2023,0,0.0,3649,0,38956,4,FAMILY,D,0,0,0
HH00145,2019,0,0.0,2310,0,35557,3,FAMILY,C,0,0,0
HH00145,2020,0,0.0,3676,0,18000,1,COUPLE,G,1,1,1
HH00145,2021,1,3.0,2862,750,33273,2,COUPLE,B,0,0,0
HH00145,2022,1,3.1,3697,775,31699,2,COUPLE,G,0,1,0
HH00145,2023,1,3.5,3808,875,39564,1,COUPLE,A,0,0,0
HH00146,2019,0,0.0,3626,0,34890,1,ALONE,D,0,0,0
HH00146,2020,0,0.0,2967,0,36696,2,FAMILY,C,0,0,0
HH00146,2021,0,0.0,3552,0,26990,2,FAMILY,C,0,0,0
HH00146,2022,0,0.0,2900,0,34828,3,FAMILY,C,0,0,0
HH00146,2023,0,0.0,2325,0,34064,4,ALONE,G,0,1,0
HH00147,2019,1,2.4,2405,600,39343,1,FAMILY,D,0,0,0
HH00147,2020,1,2.5,3928,625,35494,3,COUPLE,A,0,0,0
HH00147,2021,1,2.8,3503,700,31534,4,FAMILY,G,0,1,0
HH00147,2022,1,2.9,3062,725,34763,2,FAMILY,G,0,1,0
HH00147,2023,1,3.3,2988,825,38412,3,FAMILY,A,0,0,0
HH00148,2019,0,0.0,3015,0,29322,4,FAMILY,F,0,1,0
HH00148,2020,0,0.0,3419,0,39231,4,COUPLE,G,0,1,0
HH00148,2021,0,0.0,4017,0,18000,1,COUPLE,G,1,1,1
HH00148,2022,0,0.0,3427,0,28722,4,ALONE,E,0,1,0
HH00148,2023,0,0.0,3328,0,30414,1,COUPLE,B,0,0,0
HH00149,2019,0,0.0,2441,0,30143,3,FAMILY,B,0,0,0
HH00149,2020,0,0.0,3353,0,47739,4,FAMILY,C,0,0,0
HH00149,2021,0,0.0,4109,0,33319,2,FAMILY,G,0,1,0
HH00149,2022,0,0.0,3293,0,34839,3,FAMILY,G,0,1,0
HH00149,2023,0,0.0,3546,0,29863,3,FAMILY,F,0,1,0
HH00150,2019,0,0.0,3097,0,29236,3,ALONE,F,0,1,0
HH00150,2020,0,0.0,3234,0,27881,2,ALONE,F,0,1,0
HH00150,2021,0,0.0,3016,0,22758,2,FAMILY,A,0,0,0
HH00150,2022,0,0.0,2885,0,45269,2,COUPLE,G,0,1,0
HH00150,2023,0,0.0,2863,0,31133,1,COUPLE,A,0,0,0
HH00151,2019,0,0.0,2983,0,31693,3,FAMILY,C,0,0,0
HH00151,2020,0,0.0,2920,0,35720,3,FAMILY,B,0,0,0
HH00151,2021,0,0.0,2993,0,35082,1,ALONE,C,0,0,0
HH00151,2022,0,0.0,3186,0,30861,2,COUPLE,F,0,1,0
HH00151,2023,0,0.0,3956,0,28093,2,COUPLE,B,0,0,0
HH00152,2019,0,0.0,3248,0,21448,3,ALONE,B,0,0,0
HH00152,2020,0,0.0,3158,0,21402,4,FAMILY,C,0,0,0
HH00152,2021,0,0.0,4135,0,36914,2,FAMILY,E,0,1,0
HH00152,2022,0,0.0,3158,0,34485,2,COUPLE,G,0,1,0
HH00152,2023,0,0.0,2757,0,32270,2,ALONE,C,0,0,0
HH00153,2019,0,0.0,3605,0,23813,1,COUPLE,G,0,1,0
HH00153,2020,0,0.0,3588,0,53190,3,COUPLE,F,0,1,0
HH00153,2021,0,0.0,3092,0,35214,2,COUPLE,G,0,1,0
HH00153,2022,0,0.0,2948,0,31867,1,ALONE,D,0,0,0
HH00153,2023,1,3.5,3036,875,20011,1,ALONE,B,0,0,0
HH00154,2019,0,0.0,3578,0,44672,4,ALONE,G,0,1,0
HH00154,2020,0,0.0,3188,0,31605,3,FAMILY,F,0,1,0
HH00154,2021,0,0.0,3330,0,35377,3,FAMILY,D,0,0,0
HH00154,2022,0,0.0,3207,0,32305,1,FAMILY,C,0,0,0
HH00154,2023,0,0.0,3809,0,41289,1,ALONE,G,0,1,0
HH00155,2019,0,0.0,3347,0,31124,4,COUPLE,A,0,0,0
HH00155,2020,0,0.0,3162,0,31062,2,COUPLE,E,0,1,0
HH00155,2021,0,0.0,4052,0,30593,2,ALONE,D,0,0,0
HH00155,2022,0,0.0,2340,0,43199,3,COUPLE,F,0,1,0
HH00155,2023,0,0.0,3449,0,36776,3,FAMILY,F,0,1,0
HH00156,2019,0,0.0,2962,0,43607,2,COUPLE,E,0,1,0
HH00156,2020,0,0.0,3277,0,46695,3,COUPLE,G,0,1,0
HH00156,2021,0,0.0,2511,0,30283,3,FAMILY,C,0,0,0
HH00156,2022,0,0.0,2807,0,21951,2,ALONE,F,1,1,1
HH00156,2023,0,0.0,3699,0,31103,3,ALONE,D,0,0,0
HH00157,2019,0,0.0,2392,0,18000,4,ALONE,E,1,1,1
HH00157,2020,0,0.0,3001,0,44173,3,FAMILY,C,0,0,0
HH00157,2021,0,0.0,3006,0,32636,4,FAMILY,B,0,0,0
HH00157,2022,0,0.0,2799,0,18000,4,FAMILY,A,0,0,0
HH00157,2023,0,0.0,3326,0,29990,2,FAMILY,G,0,1,0
HH00158,2019,1,2.9,3943,725,33682,4,COUPLE,F,0,1,0
HH00158,2020,1,3.2,3267,799,34319,4,COUPLE,F,0,1,0
HH00158,2021,1,3.4,3147,850,39238,2,COUPLE,A,0,0,0
HH00158,2022,1,3.7,2524,924,22420,4,ALONE,A,0,0,0
HH00158,2023,1,4.1,2953,1025,37555,3,ALONE,C,0,0,0
HH00159,2019,0,0.0,2627,0,22093,2,COUPLE,A,0,0,0
HH00159,2020,0,0.0,2830,0,24263,1,ALONE,B,0,0,0
HH00159,2021,0,0.0,3287,0,56882,2,FAMILY,B,0,0,0
HH00159,2022,0,0.0,3342,0,34742,4,COUPLE,D,0,0,0
HH00159,2023,0,0.0,3005,0,45727,2,COUPLE,F,0,1,0
HH00160,2019,0,0.0,2039,0,24474,4,FAMILY,F,0,1,0
HH00160,2020,0,0.0,2991,0,30639,1,FAMILY,D,0,0,0
HH00160,2021,0,0.0,3249,0,41965,4,FAMILY,F,0,1,0
HH00160,2022,0,0.0,3059,0,36399,2,FAMILY,B,0,0,0
HH00160,2023,0,0.0,2713,0,34675,2,COUPLE,F,0,1,0
HH00161,2019,0,0.0,2511,0,28481,3,ALONE,G,0,1,0
HH00161,2020,0,0.0,3329,0,33305,1,COUPLE,E,0,1,0
HH00161,2021,0,0.0,3870,0,18000,2,COUPLE,C,0,0,0
HH00161,2022,0,0.0,2821,0,38184,2,ALONE,F,0,1,0
HH00161,2023,0,0.0,3363,0,40394,4,COUPLE,B,0,0,0
HH00162,2019,0,0.0,3178,0,48451,1,COUPLE,D,0,0,0
HH00162,2020,0,0.0,3416,0,26551,3,ALONE,G,0,1,0
HH00162,2021,0,0.0,3574,0,41870,2,COUPLE,A,0,0,0
HH00162,2022,0,0.0,3050,0,32598,1,FAMILY,C,0,0,0
HH00162,2023,0,0.0,2746,0,46675,1,FAMILY,F,0,1,0
HH00163,2019,0,0.0,2651,0,39705,1,COUPLE,A,0,0,0
HH00163,2020,0,0.0,3725,0,39566,1,COUPLE,C,0,0,0
HH00163,2021,0,0.0,3173,0,42788,3,ALONE,A,0,0,0
HH00163,2022,0,0.0,3722,0,57975,3,COUPLE,A,0,0,0
HH00163,2023,0,0.0,3154,0,41187,1,FAMILY,B,0,0,0
HH00164,2019,0,0.0,2751,0,27615,4,FAMILY,F,0,1,0
HH00164,2020,0,0.0,3624,0,18000,4,FAMILY,A,0,0,0
HH00164,2021,0,0.0,3380,0,33273,2,ALONE,G,0,1,0
HH00164,2022,0,0.0,3052,0,43769,4,COUPLE,B,0,0,0
HH00164,2023,0,0.0,3166,0,28429,3,ALONE,G,0,1,0
HH00165,2019,0,0.0,2887,0,31523,2,FAMILY,B,0,0,0
HH00165,2020,0,0.0,2973,0,31960,3,ALONE,G,0,1,0
HH00165,2021,0,0.0,3095,0,49881,4,FAMILY,B,0,0,0
HH00165,2022,0,0.0,3251,0,28367,1,FAMILY,B,0,0,0
HH00165,2023,0,0.0,3552,0,39312,3,ALONE,C,0,0,0
HH00166,2019,0,0.0,3534,0,25655,3,ALONE,G,0,1,0
HH00166,2020,0,0.0,3275,0,32057,1,FAMILY,A,0,0,0
HH00166,2021,0,0.0,3519,0,21270,1,COUPLE,G,1,1,1
HH00166,2022,0,0.0,3295,0,40530,2,ALONE,B,0,0,0
HH00166,2023,0,0.0,2825,0,19398,3,FAMILY,C,0,0,0
HH00167,2019,0,0.0,2884,0,24935,4,ALONE,A,0,0,0
HH00167,2020,0,0.0,3671,0,39883,4,FAMILY,G,0,1,0
HH00167,2021,0,0.0,2746,0,45154,2,ALONE,B,0,0,0
HH00167,2022,0,0.0,3159,0,37347,2,ALONE,C,0,0,0
HH00167,2023,0,0.0,3249,0,32577,2,ALONE,E,0,1,0
HH00168,2019,0,0.0,3848,0,33914,1,COUPLE,A,0,0,0
HH00168,2020,0,0.0,3431,0,22062,2,ALONE,C,0,0,0
HH00168,2021,0,0.0,3507,0,37227,4,ALONE,B,0,0,0
HH00168,2022,0,0.0,2725,0,44477,4,FAMILY,D,0,0,0
HH00168,2023,0,0.0,2350,0,30924,1,FAMILY,A,0,0,0
HH00169,2019,0,0.0,3374,0,20481,4,FAMILY,A,0,0,0
HH00169,2020,0,0.0,3022,0,44364,2,COUPLE,D,0,0,0
HH00169,2021,0,0.0,3535,0,30661,4,COUPLE,E,0,1,0
HH00169,2022,0,0.0,3316,0,29938,1,FAMILY,A,0,0,0
HH00169,2023,0,0.0,3578,0,37899,2,COUPLE,E,0,1,0
HH00170,2019,1,3.1,2320,775,38107,1,ALONE,E,0,1,0
HH00170,2020,1,3.2,3180,800,31924,3,ALONE,F,0,1,0
HH00170,2021,1,3.4,2684,850,41906,3,FAMILY,E,0,1,0
HH00170,2022,1,3.8,3735,950,49160,4,COUPLE,D,0,0,0
HH00170,2023,1,4.0,2373,1000,21199,4,FAMILY,A,0,0,0
HH00171,2019,0,0.0,3024,0,45507,2,ALONE,D,0,0,0
HH00171,2020,0,0.0,4025,0,47991,3,COUPLE,D,0,0,0
HH00171,2021,0,0.0,3096,0,37483,1,FAMILY,A,0,0,0
HH00171,2022,0,0.0,1941,0,22137,2,COUPLE,F,0,1,0
HH00171,2023,0,0.0,3512,0,40081,1,COUPLE,A,0,0,0
HH00172,2019,0,0.0,3669,0,30160,4,ALONE,C,0,0,0
HH00172,2020,0,0.0,3200,0,22785,1,FAMILY,B,0,0,0
HH00172,2021,0,0.0,4004,0,35839,3,ALONE,B,0,0,0
HH00172,2022,0,0.0,3481,0,25961,2,COUPLE,E,0,1,0
HH00172,2023,0,0.0,3518,0,32464,2,FAMILY,E,0,1,0
HH00173,2019,1,4.2,3977,1050,39831,4,FAMILY,F,0,1,0
HH00173,2020,1,4.4,3494,1100,35135,4,COUPLE,D,0,0,0
HH00173,2021,1,4.6,2648,1150,30499,1,FAMILY,E,0,1,0
HH00173,2022,1,5.0,2876,1250,34751,3,COUPLE,D,0,0,0
HH00173,2023,1,5.3,2967,1325,31793,4,FAMILY,E,0,1,0
HH00174,2019,0,0.0,3282,0,32148,4,COUPLE,A,0,0,0
HH00174,2020,0,0.0,3365,0,39393,3,FAMILY,A,0,0,0
HH00174,2021,0,0.0,3806,0,28972,4,FAMILY,F,0,1,0
HH00174,2022,0,0.0,3326,0,39562,3,FAMILY,F,0,1,0
HH00174,2023,0,0.0,3022,0,26089,1,ALONE,D,0,0,0
HH00175,2019,0,0.0,3371,0,35467,2,COUPLE,B,0,0,0
HH00175,2020,0,0.0,3917,0,35057,3,COUPLE,C,0,0,0
HH00175,2021,0,0.0,3111,0,20611,2,COUPLE,D,0,0,0
HH00175,2022,0,0.0,3144,0,26831,4,COUPLE,F,0,1,0
HH00175,2023,0,0.0,2348,0,29297,4,ALONE,C,0,0,0
HH00176,2019,0,0.0,2571,0,37683,4,COUPLE,C,0,0,0
HH00176,2020,0,0.0,2815,0,22631,1,FAMILY,C,0,0,0
HH00176,2021,0,0.0,3299,0,35293,2,COUPLE,B,0,0,0
HH00176,2022,0,0.0,2240,0,31799,4,FAMILY,D,0,0,0
HH00176,2023,0,0.0,3161,0,23260,2,ALONE,A,0,0,0
HH00177,2019,0,0.0,3374,0,24967,4,ALONE,A,0,0,0
HH00177,2020,0,0.0,3119,0,41286,3,COUPLE,A,0,0,0
HH00177,2021,0,0.0,2607,0,18000,1,FAMILY,F,1,1,1
HH00177,2022,0,0.0,3309,0,33167,1,COUPLE,G,0,1,0
HH00177,2023,0,0.0,3396,0,18000,3,ALONE,E,1,1,1
HH00178,2019,0,0.0,3208,0,30183,1,ALONE,E,0,1,0
HH00178,2020,0,0.0,1537,0,21248,3,FAMILY,E,1,1,1
HH00178,2021,0,0.0,3302,0,30901,4,COUPLE,F,0,1,0
HH00178,2022,0,0.0,3981,0,30808,2,ALONE,D,0,0,0
HH00178,2023,0,0.0,4064,0,33594,4,COUPLE,G,0,1,0
HH00179,2019,0,0.0,2583,0,38285,3,FAMILY,G,0,1,0
HH00179,2020,0,0.0,2760,0,40695,3,COUPLE,G,0,1,0
HH00179,2021,0,0.0,2905,0,26301,4,FAMILY,A,0,0,0
HH00179,2022,0,0.0,3623,0,31429,4,COUPLE,E,0,1,0
HH00179,2023,0,0.0,3233,0,36560,1,COUPLE,C,0,0,0
HH00180,2019,0,0.0,3047,0,38911,3,ALONE,E,0,1,0
HH00180,2020,0,0.0,2934,0,36871,1,FAMILY,B,0,0,0
HH00180,2021,1,2.4,4439,600,51137,3,ALONE,F,0,1,0
HH00180,2022,1,2.5,3467,625,42831,1,COUPLE,B,0,0,0
HH00180,2023,1,2.6,3392,650,19677,1,ALONE,C,0,0,0
HH00181,2019,0,0.0,3614,0,32781,1,FAMILY,C,0,0,0
HH00181,2020,0,0.0,3550,0,34452,3,ALONE,G,0,1,0
HH00181,2021,0,0.0,2080,0,18000,1,COUPLE,E,1,1,1
HH00181,2022,0,0.0,3886,0,37857,3,ALONE,G,0,1,0
HH00181,2023,0,0.0,3785,0,30077,1,COUPLE,G,0,1,0
HH00182,2019,0,0.0,2590,0,38228,3,FAMILY,G,0,1,0
HH00182,2020,0,0.0,3454,0,64409,3,FAMILY,E,0,1,0
HH00182,2021,0,0.0,3561,0,29370,1,FAMILY,F,0,1,0
HH00182,2022,0,0.0,2423,0,30588,3,FAMILY,A,0,0,0
HH00182,2023,0,0.0,3265,0,33691,4,FAMILY,F,0,1,0
HH00183,2019,0,0.0,2991,0,23959,4,FAMILY,C,0,0,0
HH00183,2020,0,0.0,3249,0,27851,3,ALONE,B,0,0,0
HH00183,2021,0,0.0,3577,0,24053,1,COUPLE,F,0,1,0
HH00183,2022,0,0.0,3100,0,38063,2,COUPLE,C,0,0,0
HH00183,2023,1,4.4,3966,1100,34102,3,COUPLE,A,0,0,0
HH00184,2019,0,0.0,2701,0,23141,2,ALONE,G,0,1,0
HH00184,2020,0,0.0,3141,0,34717,1,ALONE,E,0,1,0
HH00184,2021,0,0.0,2895,0,25665,2,FAMILY,D,0,0,0
HH00184,2022,0,0.0,3365,0,37267,2,ALONE,B,0,0,0
HH00184,2023,0,0.0,2919,0,18000,2,FAMILY,F,1,1,1
HH00185,2019,0,0.0,3638,0,44781,2,ALONE,A,0,0,0
HH00185,2020,0,0.0,2847,0,29501,4,FAMILY,E,0,1,0
HH00185,2021,0,0.0,2789,0,22988,4,ALONE,D,0,0,0
HH00185,2022,0,0.0,2505,0,31261,3,COUPLE,D,0,0,0
HH00185,2023,0,0.0,3362,0,23818,4,COUPLE,B,0,0,0
HH00186,2019,0,0.0,3624,0,32158,3,COUPLE,C,0,0,0
HH00186,2020,0,0.0,4237,0,30021,2,FAMILY,C,0,0,0
HH00186,2021,0,0.0,2801,0,28522,4,FAMILY,E,0,1,0
HH00186,2022,0,0.0,2725,0,46978,2,ALONE,A,0,0,0
HH00186,2023,0,0.0,3835,0,27343,4,ALONE,B,0,0,0
HH00187,2019,0,0.0,2647,0,40391,1,FAMILY,A,0,0,0
HH00187,2020,0,0.0,3272,0,37931,4,FAMILY,A,0,0,0
HH00187,2021,0,0.0,3376,0,28437,1,COUPLE,D,0,0,0
HH00187,2022,0,0.0,3359,0,34034,2,FAMILY,D,0,0,0
HH00187,2023,0,0.0,2595,0,31093,1,COUPLE,E,0,1,0
HH00188,2019,0,0.0,2994,0,31952,4,COUPLE,D,0,0,0
HH00188,2020,0,0.0,3471,0,34598,4,COUPLE,B,0,0,0
HH00188,2021,0,0.0,4148,0,34758,4,FAMILY,A,0,0,0
HH00188,2022,0,0.0,3433,0,37050,1,COUPLE,D,0,0,0
HH00188,2023,0,0.0,3095,0,27875,3,ALONE,C,0,0,0
HH00189,2019,0,0.0,3958,0,37816,4,FAMILY,F,0,1,0
HH00189,2020,0,0.0,3018,0,36818,3,FAMILY,D,0,0,0
HH00189,2021,0,0.0,2327,0,37657,1,FAMILY,F,0,1,0
HH00189,2022,0,0.0,3884,0,30149,3,COUPLE,A,0,0,0
HH00189,2023,0,0.0,2246,0,26116,3,ALONE,D,0,0,0
HH00190,2019,0,0.0,3211,0,29259,2,FAMILY,A,0,0,0
HH00190,2020,0,0.0,2491,0,38225,3,ALONE,B,0,0,0
HH00190,2021,0,0.0,3336,0,36545,2,COUPLE,B,0,0,0
HH00190,2022,0,0.0,2556,0,21823,3,ALONE,G,1,1,1
HH00190,2023,0,0.0,2607,0,34578,2,COUPLE,C,0,0,0
HH00191,2019,0,0.0,3816,0,32482,2,COUPLE,A,0,0,0
HH00191,2020,0,0.0,3314,0,24350,1,ALONE,D,0,0,0
HH00191,2021,0,0.0,2265,0,29891,3,FAMILY,D,0,0,0
HH00191,2022,1,3.9,3128,975,26929,2,ALONE,B,0,0,0
HH00191,2023,1,3.9,1955,975,27734,2,COUPLE,E,0,1,0
HH00192,2019,0,0.0,2432,0,41725,1,FAMILY,B,0,0,0
HH00192,2020,0,0.0,3132,0,27347,3,FAMILY,E,0,1,0
HH00192,2021,0,0.0,3715,0,43766,4,FAMILY,G,0,1,0
HH00192,2022,0,0.0,3779,0,30309,4,COUPLE,A,0,0,0
HH00192,2023,0,0.0,3656,0,31869,2,COUPLE,G,0,1,0
HH00193,2019,0,0.0,2665,0,18704,2,FAMILY,A,0,0,0
HH00193,2020,0,0.0,2748,0,27333,2,COUPLE,A,0,0,0
HH00193,2021,0,0.0,3358,0,30337,2,COUPLE,A,0,0,0
HH00193,2022,0,0.0,3249,0,20861,2,COUPLE,E,1,1,1
HH00193,2023,0,0.0,3207,0,20389,3,COUPLE,E,1,1,1
HH00194,2019,0,0.0,3647,0,29026,3,COUPLE,F,0,1,0
HH00194,2020,0,0.0,3312,0,38541,1,FAMILY,D,0,0,0
HH00194,2021,0,0.0,3064,0,28201,2,COUPLE,A,0,0,0
HH00194,2022,0,0.0,4013,0,28979,3,COUPLE,A,0,0,0
HH00194,2023,0,0.0,3327,0,30023,2,COUPLE,B,0,0,0
HH00195,2019,0,0.0,3171,0,42751,4,FAMILY,D,0,0,0
HH00195,2020,0,0.0,3128,0,34623,4,FAMILY,C,0,0,0
HH00195,2021,1,2.5,3152,625,36356,1,ALONE,D,0,0,0
HH00195,2022,1,2.6,3335,650,35415,3,ALONE,B,0,0,0
HH00195,2023,1,3.1,3873,775,29205,3,COUPLE,E,0,1,0
HH00196,2019,0,0.0,3110,0,22086,2,COUPLE,E,0,1,0
HH00196,2020,0,0.0,2553,0,37579,3,ALONE,D,0,0,0
HH00196,2021,0,0.0,3293,0,24559,3,COUPLE,F,0,1,0
HH00196,2022,0,0.0,2779,0,31202,1,COUPLE,B,0,0,0
HH00196,2023,0,0.0,2969,0,25379,2,COUPLE,G,0,1,0
HH00197,2019,0,0.0,3445,0,30135,4,ALONE,A,0,0,0
HH00197,2020,1,4.7,3005,1175,21888,3,FAMILY,F,1,1,1
HH00197,2021,1,4.9,3236,1225,29708,2,ALONE,E,0,1,0
HH00197,2022,1,5.3,2650,1325,26503,2,FAMILY,B,0,0,0
HH00197,2023,1,5.6,3372,1400,32405,2,COUPLE,C,0,0,0
HH00198,2019,0,0.0,4414,0,43402,4,FAMILY,G,0,1,0
HH00198,2020,0,0.0,3623,0,18000,4,FAMILY,G,1,1,1
HH00198,2021,0,0.0,2619,0,30528,3,ALONE,B,0,0,0
HH00198,2022,0,0.0,3517,0,28610,1,ALONE,B,0,0,0
HH00198,2023,0,0.0,2479,0,39858,3,COUPLE,B,0,0,0
HH00199,2019,0,0.0,1746,0,30001,3,ALONE,E,0,1,0
HH00199,2020,0,0.0,3450,0,47743,1,ALONE,G,0,1,0
HH00199,2021,0,0.0,3504,0,38714,4,FAMILY,A,0,0,0
HH00199,2022,0,0.0,2782,0,43195,2,ALONE,G,0,1,0
HH00199,2023,0,0.0,3005,0,34264,4,FAMILY,D,0,0,0
HH00200,2019,0,0.0,3739,0,28368,3,COUPLE,G,0,1,0
HH00200,2020,0,0.0,3461,0,30395,4,FAMILY,G,0,1,0
HH00200,2021,0,0.0,3631,0,35724,3,FAMILY,D,0,0,0
HH00200,2022,0,0.0,3689,0,37177,2,FAMILY,E,0,1,0
HH00200,2023,1,3.8,2782,950,33561,4,FAMILY,F,0,1,0
